{"Sand Point": {"latlon": [55.3333, -160.5], "index": 408605, "wt": [-0.8, 7.2, 22.4, 42.3, 74.2, 101.0, 117.3, 135.9, 160.8, 186.8, 210.6, 237.4, 260.5, 298.0, 315.5, 327.7, 331.7, 339.9, 346.3, 349.9, 362.3, 365.1, 355.2, 319.6, 293.9], "pga": [24.07, 22.43, 15.57, 6.47, 2.743, 1.454, 0.7612, 0.341, 0.1876, 0.1315, 0.07669, 0.06714, 0.05127, 0.01227, 0.005784, 0.00248, 0.001481, 0.0004923, 0.0002245, 0.000211, 0.0001572, 0.0001036, 6.626e-05, 3.668e-05, 2.246e-05], "pgv": [19.36, 17.63, 12.0, 5.388, 2.299, 1.171, 0.7491, 0.7774, 0.5033, 0.3852, 0.2005, 0.04893, 0.02373, 0.0688, 0.09041, 0.0309, 0.02873, 0.1412, 0.2142, 0.2101, 0.1912, 0.1675, 0.1455, 0.1119, 0.09593], "mmi": [6.9, 6.8, 6.4, 5.2, 4.3, 3.9, 3.5, 3.0, 2.6, 2.3, 1.8, 1.7, 1.5, 1.0, 1.0, 1.0, 1.0, 1.0, 2.4, 2.4, 2.3, 2.2, 2.1, 2.0, 1.9]}, "Old Harbor": {"latlon": [57.2, -153.3], "index": 337365, "wt": [95.1, 69.7, 45.5, 19.8, 5.5, -10.4, -4.2, 14.8, 42.4, 73.6, 95.9, 124.0, 144.3, 177.9, 194.5, 205.9, 209.8, 218.7, 226.6, 232.2, 246.8, 251.8, 244.4, 211.4, 187.2], "pga": [1.037, 2.152, 4.684, 13.08, 50.16, 55.14, 49.31, 16.78, 6.388, 3.16, 1.3, 0.8244, 0.5604, 0.2355, 0.1106, 0.04669, 0.02974, 0.01598, 0.008386, 0.007566, 0.005296, 0.003255, 0.00193, 0.0009785, 0.0005531], "pgv": [1.209, 2.094, 3.85, 9.991, 31.71, 33.91, 33.87, 15.62, 6.985, 3.986, 1.855, 0.7252, 0.4068, 0.5899, 0.5267, 0.2314, 0.2017, 0.5706, 0.7029, 0.6788, 0.6019, 0.5115, 0.4303, 0.3198, 0.2657], "mmi": [3.7, 4.2, 4.8, 6.1, 7.7, 7.8, 7.7, 6.4, 5.1, 4.4, 3.9, 3.6, 3.3, 2.7, 2.2, 1.4, 1.0, 1.0, 3.1, 3.1, 3.0, 2.9, 2.8, 2.6, 2.5]}, "Kodiak": {"latlon": [57.9, -152.4], "index": 310596, "wt": [117.4, 92.4, 68.2, 42.7, 28.7, 9.9, -11.8, -5.3, 19.6, 50.1, 72.5, 100.5, 121.3, 156.2, 173.4, 186.0, 191.3, 201.7, 211.2, 218.4, 234.4, 240.6, 234.3, 202.4, 178.8], "pga": [0.5664, 1.114, 2.222, 4.921, 15.31, 47.34, 50.68, 47.93, 15.58, 7.335, 2.608, 1.5, 0.9745, 0.4085, 0.1877, 0.078, 0.04839, 0.02626, 0.01341, 0.01147, 0.007641, 0.004503, 0.002568, 0.00125, 0.0006849], "pgv": [0.6731, 1.083, 1.798, 3.953, 11.04, 28.65, 33.28, 40.59, 14.14, 7.468, 3.126, 1.294, 0.7328, 0.8504, 0.6984, 0.3173, 0.2662, 0.656, 0.7643, 0.7243, 0.6307, 0.5277, 0.4376, 0.3207, 0.2634], "mmi": [3.3, 3.8, 4.2, 4.8, 6.3, 7.6, 7.7, 7.6, 6.3, 5.3, 4.3, 4.0, 3.7, 3.1, 2.6, 1.8, 1.4, 1.0, 3.2, 3.2, 3.1, 3.0, 2.8, 2.6, 2.5]}, "Homer": {"latlon": [59.6333, -151.5333], "index": 244270, "wt": [158.9, 135.5, 112.0, 87.7, 75.9, 59.0, 33.3, 13.1, 4.9, 11.4, 34.1, 59.4, 83.5, 125.6, 145.4, 162.4, 171.9, 186.9, 200.8, 212.1, 231.2, 240.0, 236.1, 206.3, 183.5], "pga": [0.2818, 0.5075, 0.9564, 1.737, 3.135, 6.042, 12.82, 15.95, 33.04, 52.4, 17.52, 7.03, 3.538, 1.306, 0.5817, 0.2414, 0.1353, 0.07042, 0.03281, 0.02393, 0.01407, 0.007553, 0.003973, 0.001776, 0.0009166], "pgv": [0.4425, 0.6168, 0.9106, 1.747, 3.188, 6.033, 13.33, 19.86, 39.35, 65.56, 20.39, 7.295, 3.517, 2.713, 1.995, 0.9592, 0.733, 1.527, 1.658, 1.486, 1.239, 1.004, 0.8107, 0.5778, 0.4657], "mmi": [2.8, 3.2, 3.7, 4.1, 4.4, 5.2, 6.1, 6.4, 7.2, 7.7, 6.5, 5.4, 4.5, 3.9, 3.3, 2.7, 2.3, 1.8, 3.7, 3.6, 3.5, 3.4, 3.2, 3.0, 2.9]}, "Seward": {"latlon": [60.1, -149.4333], "index": 226469, "wt": [188.9, 164.8, 140.9, 115.9, 102.6, 83.2, 53.7, 27.1, 8.0, -5.6, 2.8, 28.0, 51.7, 94.3, 114.4, 132.4, 143.1, 159.6, 175.1, 187.9, 208.2, 218.0, 215.0, 186.1, 163.5], "pga": [0.1161, 0.2164, 0.4131, 0.722, 1.33, 2.559, 4.475, 11.26, 36.01, 60.49, 52.03, 26.43, 9.777, 2.69, 1.132, 0.4534, 0.2444, 0.1244, 0.05594, 0.03833, 0.02142, 0.01106, 0.005619, 0.002417, 0.001215], "pgv": [0.1557, 0.2129, 0.2987, 0.5636, 1.082, 2.109, 4.132, 11.34, 32.99, 55.08, 46.3, 19.25, 7.656, 3.659, 2.337, 1.162, 0.8388, 1.379, 1.361, 1.19, 0.97, 0.7723, 0.614, 0.4308, 0.3433], "mmi": [2.2, 2.7, 3.1, 3.5, 3.9, 4.3, 4.7, 5.9, 7.2, 7.9, 7.7, 7.0, 5.8, 4.3, 3.8, 3.2, 2.7, 2.3, 3.6, 3.5, 3.3, 3.2, 3.1, 2.8, 2.7]}, "Anchorage": {"latlon": [61.2, -149.9], "index": 184347, "wt": [205.9, 183.2, 160.0, 136.2, 124.6, 107.3, 79.9, 55.3, 37.6, 23.5, 19.3, 27.1, 52.1, 99.4, 120.2, 141.1, 154.3, 173.4, 191.0, 205.8, 227.2, 237.9, 235.6, 207.5, 184.9], "pga": [0.08676, 0.1519, 0.2801, 0.4671, 0.7561, 1.296, 2.2, 4.208, 8.742, 20.08, 17.61, 25.79, 9.147, 2.715, 1.157, 0.4889, 0.2495, 0.1246, 0.05422, 0.03393, 0.01798, 0.008998, 0.00446, 0.001865, 0.0009229], "pgv": [0.1737, 0.2211, 0.2963, 0.5378, 0.9126, 1.618, 3.234, 7.505, 13.55, 27.77, 24.28, 30.11, 11.44, 5.343, 3.433, 1.773, 1.231, 2.047, 2.041, 1.732, 1.392, 1.101, 0.8707, 0.6069, 0.4825], "mmi": [1.9, 2.4, 2.8, 3.2, 3.5, 3.9, 4.2, 4.6, 5.6, 6.7, 6.5, 7.0, 5.7, 4.4, 3.8, 3.2, 2.8, 2.3, 3.8, 3.7, 3.6, 3.4, 3.3, 3.0, 2.9]}, "Whittier": {"latlon": [60.7667, -148.7], "index": 200971, "wt": [208.6, 184.9, 161.1, 136.3, 123.3, 104.2, 74.7, 47.8, 28.3, 14.4, 0.3, 11.3, 36.7, 82.7, 103.4, 123.4, 135.9, 154.3, 171.6, 186.0, 207.3, 217.9, 215.6, 187.5, 164.9], "pga": [0.05704, 0.105, 0.1995, 0.3388, 0.5925, 1.073, 1.746, 3.798, 9.519, 41.85, 42.97, 52.17, 13.85, 3.087, 1.247, 0.507, 0.259, 0.1286, 0.0559, 0.03557, 0.01894, 0.009477, 0.004694, 0.001961, 0.0009689], "pgv": [0.07301, 0.09564, 0.1286, 0.2382, 0.4398, 0.8233, 1.599, 4.243, 8.898, 33.93, 33.16, 30.64, 9.596, 3.536, 2.152, 1.085, 0.7456, 1.128, 1.079, 0.9175, 0.7351, 0.5788, 0.4561, 0.3169, 0.2512], "mmi": [1.6, 2.1, 2.6, 3.0, 3.3, 3.7, 4.1, 4.4, 5.6, 7.3, 7.4, 7.6, 6.1, 4.4, 3.8, 3.2, 2.8, 2.3, 3.4, 3.3, 3.2, 3.0, 2.9, 2.6, 2.5]}, "Talkeetna": {"latlon": [62.3333, -150.1], "index": 140957, "wt": [228.6, 207.2, 184.8, 161.9, 151.8, 135.9, 109.8, 86.2, 68.9, 54.8, 46.6, 43.1, 63.0, 109.1, 129.2, 151.8, 166.8, 187.7, 207.1, 223.4, 245.7, 257.0, 255.4, 227.8, 205.2], "pga": [0.05202, 0.08909, 0.1648, 0.2627, 0.3903, 0.623, 0.9851, 1.576, 2.927, 6.139, 6.423, 7.799, 6.32, 2.012, 0.8784, 0.3971, 0.1957, 0.08707, 0.03593, 0.02084, 0.0106, 0.00519, 0.002527, 0.001032, 0.0005051], "pgv": [0.1048, 0.1246, 0.1581, 0.276, 0.4311, 0.7212, 1.467, 3.523, 5.666, 10.13, 10.21, 10.1, 8.035, 4.256, 2.866, 1.527, 1.043, 1.745, 1.755, 1.454, 1.155, 0.9093, 0.7168, 0.4969, 0.3943], "mmi": [1.5, 2.0, 2.5, 2.8, 3.1, 3.4, 3.7, 4.0, 4.4, 5.2, 5.2, 5.5, 5.2, 4.2, 3.6, 3.1, 2.6, 1.9, 3.7, 3.6, 3.5, 3.3, 3.2, 2.9, 2.8]}, "Fairbanks": {"latlon": [64.8333, -147.7333], "index": 45328, "wt": [301.7, 281.1, 259.1, 236.7, 226.8, 210.7, 184.0, 159.1, 140.4, 125.7, 109.7, 94.1, 98.7, 129.6, 143.4, 166.2, 182.6, 205.8, 228.0, 246.7, 270.1, 282.3, 281.4, 254.8, 231.4], "pga": [0.01272, 0.02224, 0.04289, 0.06516, 0.0928, 0.1418, 0.1977, 0.2657, 0.4417, 0.9251, 1.353, 2.314, 1.661, 1.02, 0.6868, 0.3511, 0.1796, 0.06957, 0.02775, 0.01395, 0.006668, 0.003184, 0.001519, 0.0005956, 0.0002875], "pgv": [0.02817, 0.0293, 0.03187, 0.05397, 0.0822, 0.1353, 0.3037, 1.072, 1.57, 2.682, 3.233, 3.48, 2.252, 2.966, 2.861, 1.636, 1.162, 2.003, 2.082, 1.649, 1.289, 1.01, 0.7937, 0.5446, 0.4315], "mmi": [1.0, 1.0, 1.3, 1.7, 2.0, 2.4, 2.6, 2.8, 3.1, 3.6, 3.9, 4.3, 4.0, 3.7, 3.4, 3.0, 2.5, 1.7, 3.8, 3.7, 3.5, 3.4, 3.2, 3.0, 2.8]}, "Valdez": {"latlon": [61.1333, -146.3333], "index": 187006, "wt": [239.5, 215.2, 191.1, 165.8, 151.9, 131.6, 100.8, 72.6, 53.0, 42.8, 16.8, -3.6, 5.2, 52.2, 72.9, 94.4, 108.5, 128.7, 147.8, 163.9, 186.3, 197.6, 196.1, 168.6, 146.0], "pga": [0.03201, 0.06051, 0.1163, 0.1933, 0.3401, 0.5989, 0.942, 1.779, 4.238, 8.796, 32.43, 60.92, 57.68, 11.81, 3.769, 1.459, 0.6917, 0.3375, 0.1421, 0.08301, 0.04179, 0.02018, 0.009704, 0.003912, 0.001893], "pgv": [0.04171, 0.05261, 0.06599, 0.1214, 0.2307, 0.4299, 0.8811, 2.469, 4.793, 8.559, 26.15, 36.38, 32.95, 10.4, 4.878, 2.433, 1.542, 1.938, 1.719, 1.409, 1.1, 0.8512, 0.6614, 0.4527, 0.3554], "mmi": [1.0, 1.6, 2.2, 2.6, 3.0, 3.3, 3.7, 4.1, 4.6, 5.6, 7.1, 7.9, 7.8, 6.0, 4.4, 3.9, 3.4, 3.0, 3.7, 3.6, 3.4, 3.3, 3.1, 2.9, 2.7]}, "Yakutat": {"latlon": [59.5333, -139.7333], "index": 248452, "wt": [300.2, 274.0, 250.1, 224.5, 209.2, 187.8, 156.7, 130.6, 118.7, 123.0, 99.8, 92.0, 71.7, 33.4, 13.2, 0.7, 8.4, 29.0, 49.9, 68.0, 91.3, 103.4, 102.5, 75.8, 52.6],